{
    "disallowSpacesInNamedFunctionExpression": {
        "beforeOpeningRoundBrace": true
    },
    "disallowSpacesInFunctionExpression": {
        "beforeOpeningRoundBrace": true
    },
    "disallowSpacesInAnonymousFunctionExpression": {
        "beforeOpeningRoundBrace": true
    },
    "disallowSpacesInFunctionDeclaration": {
        "beforeOpeningRoundBrace": true
    },
    "disallowEmptyBlocks": true,
    "disallowSpacesInsideArrayBrackets": true,
    "disallowSpacesInsideParentheses": true,
    "disallowQuotedKeysInObjects": true,
    "disallowSpaceAfterObjectKeys": true,
    "disallowSpaceAfterPrefixUnaryOperators": true,
    "disallowSpaceBeforePostfixUnaryOperators": true,
    "disallowSpaceBeforeBinaryOperators": [
        ","
    ],
    "disallowMixedSpacesAndTabs": true,
    "disallowTrailingWhitespace": true,
    "disallowTrailingComma": true,
    "disallowYodaConditions": true,
    "disallowKeywords": [ "with" ],
    "disallowMultipleLineBreaks": true,
    "disallowMultipleVarDecl": true,
    "requireSpaceBeforeBlockStatements": true,
    "requireParenthesesAroundIIFE": true,
    "requireSpacesInConditionalExpression": true,
    "requireBlocksOnNewline": 1,
    "requireCommaBeforeLineBreak": true,
    "requireSpaceBeforeBinaryOperators": true,
    "requireSpaceAfterBinaryOperators": true,
    "requireCamelCaseOrUpperCaseIdentifiers": true,
    "requireLineFeedAtFileEnd": true,
    "requireCapitalizedConstructors": true,
    "requireDotNotation": true,
    "requireSpacesInForStatement": true,
    "requireSpaceBetweenArguments": true,
    "requireCurlyBraces": [
        "do"
    ],
    "requireSpaceAfterKeywords": [
        "if",
        "else",
        "for",
        "while",
        "do",
        "switch",
        "case",
        "return",
        "try",
        "catch",
        "typeof"
    ],
    "requirePaddingNewLinesBeforeLineComments": {
        "allExcept": "firstAfterCurly"
    },
    "requirePaddingNewLinesAfterBlocks": true,
    "safeContextKeyword": "_this",
    "validateLineBreaks": "LF",
    "validateQuoteMarks": "'",
    "validateIndentation": 2
}
