{
    "requireCurlyBraces": [
        "if",
        "else",
        "for",
        "while",
        "do",
        "try",
        "catch"
    ],
    "requireOperatorBeforeLineBreak": true,
    "requireParenthesesAroundIIFE": true,
    "requireCommaBeforeLineBreak": true,
    "requireCamelCaseOrUpperCaseIdentifiers": true,
    "requireDotNotation": "except_snake_case",
    "requireSpacesInForStatement": true,
    "requireSpaceBetweenArguments": true,
    "maximumLineLength": {
        "value": 100,
        "tabSize": 4,
        "allowUrlComments": true,
        "allowRegex": true
    },
    "validateQuoteMarks": { "mark": "\"", "escape": true },

    "disallowMixedSpacesAndTabs": "smart",
    "disallowTrailingWhitespace": true,
    "disallowMultipleLineStrings": true,
    "disallowTrailingComma": true,

    "requireSpaceBeforeBlockStatements": true,
    "requireSpacesInFunctionExpression": {
        "beforeOpeningCurlyBrace": true
    },
    "requireSpacesInsideParentheses": "all",
    "requireSpaceAfterKeywords": [
        "if",
        "else",
        "for",
        "while",
        "do",
        "switch",
        "return",
        "try",
        "catch"
    ],
    "requireSpacesInsideObjectBrackets": "all",
    "requireSpacesInsideArrayBrackets": "all",
    "requireSpacesInConditionalExpression": true,
    "requireSpaceAfterBinaryOperators": true,
    "requireLineFeedAtFileEnd": true,
    "requireSpaceBeforeBinaryOperators": [
        "=", "+=", "-=", "*=", "/=", "%=", "<<=", ">>=", ">>>=",
        "&=", "|=", "^=", "+=",

        "+", "-", "*", "/", "%", "<<", ">>", ">>>", "&",
        "|", "^", "&&", "||", "===", "==", ">=",
        "<=", "<", ">", "!=", "!=="
    ],
    "requireSpacesInAnonymousFunctionExpression": {
        "beforeOpeningCurlyBrace": true
    },
    "requireSpacesInNamedFunctionExpression": {
        "beforeOpeningCurlyBrace": true
    },
    "requirePaddingNewLinesBeforeLineComments": true,
    "validateLineBreaks": "LF",

    "disallowKeywords": [ "with" ],
    "disallowKeywordsOnNewLine": [ "else" ],
    "disallowSpacesInFunctionExpression": {
        "beforeOpeningRoundBrace": true
    },
    "disallowSpacesInNamedFunctionExpression": {
        "beforeOpeningRoundBrace": true
    },
    "disallowSpacesInAnonymousFunctionExpression": {
        "beforeOpeningRoundBrace": true
    },
    "disallowSpaceAfterObjectKeys": true,
    "disallowSpaceAfterPrefixUnaryOperators": true,
    "disallowSpaceBeforePostfixUnaryOperators": true,
    "disallowSpaceBeforeBinaryOperators": [ ",", ":" ],
    "disallowMultipleLineBreaks": true
}
