{
    "requireCurlyBraces": ["while", "do", "try", "catch"],
    "requireSpaceAfterKeywords": ["if", "else", "for", "while", "do", "switch", "return", "try", "catch"],
    "requireSpacesInFunctionExpression": {
        "beforeOpeningCurlyBrace": true
    },
    "requirePaddingNewlinesInBlocks": true,
    "requireSpacesInsideObjectBrackets": "all",
    "requireSpacesInsideArrayBrackets": "allButNested",
    "requireSpaceBeforeBlockStatements": true,
    "requireSpacesInForStatement": true,
    "disallowKeywords": [ "with" ],
    "requireLineFeedAtFileEnd": true,
    "validateLineBreaks": "LF",
    "validateIndentation": "\t",

    "requireSpaceAfterPrefixUnaryOperators": ["++", "--"],
    "requireSpaceBetweenArguments": true,
    "requireSpaceBeforePostfixUnaryOperators": ["++", "--"],
    "requireSpaceBeforeBinaryOperators": [ "+", "-", "/", "*", "=", "==", "===", "!=", "!==", ">", ">=", "<", "<=" ],
    "requireSpaceAfterBinaryOperators": [ "+", "-", "/", "*", "=", "==", "===", "!=", "!==", ">", ">=", "<", "<=" ],
    "disallowSpaceBeforeBinaryOperators": [","],
    "requireSpacesInConditionalExpression": {
        "afterTest": true,
        "beforeConsequent": true,
        "afterConsequent": true,
        "beforeAlternate": true
    }
}
