{
    "requireCurlyBraces": [
        "if",
        "else",
        "for",
        "while",
        "do",
        "try",
        "catch"
    ],
    "requireSpaceBeforeKeywords": true,
    "requireSpaceAfterKeywords": true,
    "requireSpaceBeforeBlockStatements": true,
    "requireParenthesesAroundIIFE": true,
    "requireSpacesInConditionalExpression": true,
    "disallowSpacesInNamedFunctionExpression": {
        "beforeOpeningRoundBrace": true
    },
    "disallowSpacesInFunctionDeclaration": {
        "beforeOpeningRoundBrace": true
    },
    "disallowSpacesInCallExpression": true,
    "requireMultipleVarDecl": "onevar",
    "requireBlocksOnNewline": 1,
    "disallowEmptyBlocks": true,
    "requireSpacesInsideObjectBrackets": "all",
    "requireSpacesInsideArrayBrackets": "all",
    "requireSpacesInsideParentheses": "all",
    "disallowQuotedKeysInObjects": "allButReserved",
    "disallowDanglingUnderscores": true,
    "disallowSpaceAfterObjectKeys": true,
    "requireSpaceBeforeObjectValues": true,
    "requireCommaBeforeLineBreak": true,
    "requireSpacesInForStatement": true,
    "requireSpaceBetweenArguments": true,
    "disallowSpaceAfterPrefixUnaryOperators": true,
    "disallowSpaceBeforePostfixUnaryOperators": true,
    "disallowSpaceBeforeBinaryOperators": [
        ","
    ],
    "requireSpaceBeforeBinaryOperators": true,
    "requireSpaceAfterBinaryOperators": true,
    "disallowImplicitTypeConversion": [
        "binary",
        "string"
    ],
    "requireCamelCaseOrUpperCaseIdentifiers": true,
    "disallowKeywords": [
        "with"
    ],
    "disallowMultipleLineBreaks": true,
    "disallowMixedSpacesAndTabs": true,
    "disallowOperatorBeforeLineBreak": [
        "."
    ],
    "disallowTrailingWhitespace": true,
    "disallowTrailingComma": true,
    "disallowKeywordsOnNewLine": [
        "else",
        "catch"
    ],
    "requireLineBreakAfterVariableAssignment": true,
    "requireLineFeedAtFileEnd": true,
    "requireCapitalizedConstructors": true,
    "requireDotNotation": true,
    "disallowYodaConditions": true,
    "requireSpaceAfterLineComment": true,
    "disallowNewlineBeforeBlockStatements": true,
    "validateLineBreaks": "LF",
    "validateQuoteMarks": "'",
    "validateIndentation": "\t"
}
